Workbook
Name e: [1]Sheet2!$A$1:$B$986
Name enm: [2]Sheet2!$A$1:$B$986
Name 種別: #REF!
Name 種別: #REF!
Name 種別: #REF!

Sheet 表紙
C2: 厚生系統合システム
C6: 外部機能仕様（機能別）
Q11: 構成管理番号 | AC11: KSED-CHA10
Q15: 業務名 | AC15: 社宅
Q19: 機能ＩＤ | AC19: CHA10
Q23: 機能名 | AC23: 入居申請（人事）

Sheet 変更内容一覧
C2: 厚生系統合システム | AI2: 外部機能仕様（機能別）
AD6: 変更内容一覧
C9: 機能ＩＤ | H9: =表紙!AC19 -> CHA10 | V9: 機能名 | AA9: =表紙!AC23 -> 入居申請（人事）
C12: 管理番号 | L12: 版 | P12: 変更理由 | AH12: 変更内容 | AZ12: 変更箇所 | BJ12: 変更区分 | BO12: 作成者 ・日付
L14: 1.0 | P14: 新規作成 | AH14: － | AZ14: － | BJ14: 更新 | BO14: 白取 2015/12/28
BJ15: 追加
BJ16: 削除
C17: 仕変設変No-00001 | L17: 1.0 | P17: テーブル定義横並び修正 | AH17: 名称の統一、ＩＤの統一及び型桁の統一 | AZ17: Mantis添付資料に詳細内容があるため、省略 | BJ17: 更新 | BO17: 井上 2016/2/29
BJ18: 追加
BJ19: 削除
C20: 仕変設変No-00007 | L20: 1.0 | P20: 年齢チェックの誤り対応 | AH20: 年齢チェックを削除する。 | AZ20: 機能詳細 項番１（１）イ 機能詳細 項番１（６） チェック仕様 | BJ20: 更新 | BO20: 井上 2016/3/8
BJ21: 追加
BJ22: 削除
C23: 仕変設変No-00008 | L23: 1.0 | P23: 誤字・脱字・機能改善・文末形式の統一修正 | AH23: ①スタッフ用の検索画面における英語対応を除外する。 ②カフェポイント申請チェックを行う条件を記載する。 ③メールアドレスを取得先の誤り | AZ23: ①チェック仕様：２．項番01～06 ②機能詳細：項番１（１）ア ③画面項目仕様：項番29 | BJ23: 更新 | BO23: 井上 2016/3/8
BJ24: 追加
BJ25: 削除
C26: 仕変設変No-00009 | L26: 1.0 | P26: メッセージの統一に伴う修正 | AH26: メッセージID・出力先・メッセージテキスト・埋込情報を修正 | AZ26: チェック仕様 全般 | BJ26: 更新 | BO26: 松野 2016/3/31
BJ27: 追加
BJ28: 削除
C29: 仕変設変No-00018 | L29: 1.0 | P29: 社員基本情報の表示項目変更修正 | AH29: 社員基本情報に「生年月日」および「年齢」を表示する。 | AZ29: ・画面レイアウト ・画面項目仕様 | BJ29: 更新 | BO29: 藤橋 2016/3/31
BJ30: 追加
BJ31: 削除
C32: 仕変設変No-00060 | L32: 1.0 | P32: 家族情報のテーブル仕様変更および続柄コード仕様変更 | AH32: ①画面表示順のソート条件を記載する。 ②家族情報の連番化対応に伴い、更新仕様を修正する。 | AZ32: ①画面項目仕様 項番40 ①機能詳細：項番１（１）ウ ②テーブル更新仕様 テーブル名 ：入居申込家族（一時）項番03 | BJ32: 更新 | BO32: 松野 2016/5/12
BJ34: 追加
BJ35: 削除
C36: 仕変設変No-00021 | L36: 1.0 | P36: フロント１申請履歴表示に伴う変更 | AH36: ①申請取消時のデータ削除を、物理削除から論理削除に変更 ②申請取消時のToDo通知処理を追加 ③申請時のToDo通知時の更新ステータスを明記 | AZ36: ①機能詳細 １．（７）ア．（ア）ｂ．（ａ） テーブル更新仕様 更新（『申請取消』ボタン押下時） ②機能詳細 １．（７）ア．（ア）ａ． 機能詳細 １．（７）ア．（ア）ｂ．（ｂ） ③機能詳細 １．（６）ア．（ア）ｃ． 機能詳細 １．（６）ア．（ア）ｄ． | BJ36: 更新 | BO36: 藤橋 2016/4/7
BJ37: 追加
BJ38: 削除
C46: 仕変設変No-00079 | L46: 1.0 | P46: 組織マスタ、給与部課マスタのテーブル仕様変更に伴う修正 | AH46: 組織名、部課名を組織マスタ、部課マスタから、人事給与区分を条件に加えて取得するように変更する。 | AZ46: チェック仕様 項番02 画面項目仕様 項番19 機能詳細 項番１（１）ア（ア）ｃ | BJ46: 更新 | BO46: 井上 2016/4/30
BJ47: 追加
BJ48: 削除
C49: 仕変設変No-00115 | L49: 1.0 | P49: 社員情報テーブル、社員１日情報テーブルの変更 | AH49: 社宅申請時において、本務会社、本務組織に対応した本務社員区分、本務社員資格を利用するように修正する。 | AZ49: 機能詳細 項番１（１）ア（ア）ａ | BJ49: 更新 | BO49: 井上 2016/5/31
BJ50: 追加
BJ51: 削除
C54: 管理番号 | L54: 版 | P54: 変更理由 | AH54: 変更内容 | AZ54: 変更箇所 | BJ54: 変更区分 | BO54: 作成者 ・日付
C56: 仕変設変No-00116 | L56: 1.0 | P56: 人給システムとのインタフェース調整結果に伴う変更（共通マスタ関連） | AH56: 社員基本情報に表示する『組織名』の桁数を変更する。 『組織コード』10、12→8、『組織名』70→100 | AZ56: 画面レイアウト、画面項目仕様 『組織名』『組織コード』 | BJ56: 更新 | BO56: 井上 2016/6/15
BJ57: 追加
BJ58: 削除
C59: 仕変設変No-00128 | L59: 1.0 | P59: 利用者権限セキュリティの変更対応 | AH59: 代行申請時において、制度有無による対象社員の絞り込みを追加する。 | AZ59: 機能詳細 項番１（１）ア（ア） チェック仕様 １．項番13、 ２．項番06 補足説明 項番４ | BJ59: 更新 | BO59: 井上 2016/6/18
BJ60: 追加
BJ62: 削除
C63: 仕変設変No-00193 | L63: 1.0 | P63: カフェ申請と制度申請のチェック | AH63: 申請時にカフェポイントの申請状況チェックは実施しない。 | AZ63: 機能詳細 項番１（１）ア（イ）ｂ チェック仕様 項番10 | BJ63: 更新 | BO63: 井上 2016/8/19
BJ64: 追加
BJ65: 削除
C66: 仕変設変No-00198 | L66: 1.0 | P66: 承認WF連携に伴う項目の桁数について | AH66: NG理由の桁数を変更する。 | AZ66: 画面項目仕様 No.47 | BJ66: 更新 | BO66: 井上 2016/8/19
BJ67: 追加
BJ68: 削除
C69: 仕変設変No-00143 | L69: 1.0 | P69: 入居申請項目の追加およびファシ、コムウェアの機能利用について | AH69: 申請画面において ・社員基本情報に、性別、職能資格、採用年月日、採用会社を追加する。 ・申請後の表示項目に申請年月日、審査者、承認者を追加する。 ・現職会社名を追加する。 ・新職/現職勤務先住所を追加する。 ・新職所属電話番号を入力必須とする。 ・新職/現職勤務先最寄駅の画面項目名と、桁数を変更する。 ・検索条件にカナ氏名、検索結果に会社名を追加する。 | AZ69: 画面レイアウト 画面項目仕様 機能詳細 テーブル更新仕様 チェック仕様 | BJ69: 更新 | BO69: 井上 2016/9/20
BJ74: 追加
BJ76: 削除
C77: 仕変設変No-00236 | L77: 1.0 | P77: 試験工程実施に伴う外部設計書への反映 | AH77: ①テーブル名の誤字修正 ②代行申請時の更新仕様の修正 ③ボタン制御に関する記載の見直し ④氏名コードチェックの記述統一 | AZ77: ①機能詳細 項番１（１）ア（ウ） ②テーブル更新仕様 入居申込（一時）更新 項番04 ③画面項目仕様 項番60、61、62 ④チェック仕様 ２．入居申請（人事）検索画面 項番04、05 | BJ77: 更新 | BO77: 井上 2016/10/30
BJ81: 追加
BJ82: 削除
C83: 仕変設変No-00250 | L83: 1.0 | P83: 勤務先ビル名の取得方法について | AH83: 勤務先ビルコードを参照し、ビルコードに対応する名称を取得する。または、勤務先ビルコードがNullの場合、勤務先ビル名を取得するように修正する。 | AZ83: 機能詳細 項番１（１）ア（イ）ｃ（ｇ） | BJ83: 更新 | BO83: 井上 2016/11/10
BJ84: 追加
BJ85: 削除
C86: 仕変設変No-00293 | L86: 1.0 | P86: 品質強化施策実施に伴う外部設計書への反映 | AH86: ①『居住区分』選択による画面制御の記載部分 ②チェック仕様の正常条件記載の見直し ③テーブル更新仕様の見直し ・数値項目の初期設定値の見直し ・家族情報の最終更新日時の見直し ・申請IDの採番方法の記載 | AZ86: ①機能詳細、補足説明 ②チェック仕様 ③テーブル更新仕様 | BJ86: 更新 | BO86: 井上 2016/12/28
BJ87: 追加
BJ91: 削除
C92: 仕変設変No-00257 | L92: 1.0 | P92: BA社HTML画面確認結果を受けた画面レイアウト修正および画面レイアウトをＨＴＭＬ画面キャプチャに変更する | AH92: 画面レイアウトのＨＴＭＬ画面キャプチャに変更する。 | AZ92: 画面レイアウト | BJ92: 更新 | BO92: 佐藤 2017/01/15
BJ93: 追加
BJ94: 削除
C98: 管理番号 | L98: 版 | P98: 変更理由 | AH98: 変更内容 | AZ98: 変更箇所 | BJ98: 変更区分 | BO98: 作成者 ・日付
C100: 仕変設変No-00391 | L100: 1.0 | P100: ToDo通知で承認ルート、承認者がnullの場合の対処 | AH100: 『申請』ボタン押下時、承認ルールが取得できない場合のチェック仕様を追加する。 | AZ100: 機能詳細 項番１（６）ア（ア） チェック仕様 項番14 | BJ100: 更新 | BO100: 井上 2017/02/10
BJ101: 追加
BJ102: 削除
C103: 商用仕変設変No-00076 | L103: 1.2 | P103: 出向していない社員の「出向先会社」欄に、過去の出向先会社が表示されている | AH103: 画面表示時に社員状態コードを参照し、出向扱いの社員のみ出向先会社を表示するように変更。 | AZ103: 機能仕様 １．入居申請（人事）画面 （１）初期表示 | BJ103: 更新 | BO103: 菅沼 2017/09/14
BJ104: 追加
BJ105: 削除
C106: 商用仕変設変No-00146 | L106: 1.2 | P106: 設計書表現不備、誤記修正 | AH106: 一時保存時の申請IDを修正 | AZ106: テーブル更新仕様 入居申込（一時） 追加・更新 項番02 | BJ106: 更新 | BO106: 藤橋 2018/3/30
BJ107: 追加
BJ108: 削除
C109: 商用仕変設変No-00139 | L109: 1.2 | P109: 「配偶者」の文言を使用している箇所を「パートナー」の文言に修正する | AH109: 「パートナー」から「配偶者」に文言修正 | AZ109: チェック仕様 項番11、12 テーブル更新仕様 入居申込（一時） 追加・更新 項番16 | BJ109: 更新 | BO109: 藤橋 2018/3/30
BJ110: 追加
BJ111: 削除
C112: 商用仕変設変No-00153 | L112: 2.0 | P112: 福利厚生制度改正STEP３の開発 | AH112: Mantis添付資料に詳細内容があるため、省略 | AZ112: Mantis添付資料に詳細内容があるため、省略 | BJ112: 更新 | BO112: 髙木 2018/9/18
BJ113: 追加
BJ115: 削除
C116: 商用仕変設変No-00175 | L116: 10.0 | P116: 2022年度開発 （住宅補助費、社宅、標準報酬通算化 対応） | AH116: 誓約書添付追加、持家単身赴任有無項目追加 | AZ116: 画面レイアウト 画面項目仕様 機能詳細 チェック仕様 テーブル更新仕様 | BJ116: 更新 | BO116: 金子 2022/10/5
BJ117: 追加
BJ119: 削除
AH120: 持家・単身有無のコード値変更 | AZ120: 画面項目仕様 機能詳細 チェック仕様 テーブル更新仕様 | BJ120: 更新 | BO120: 杉山 2023/7/18
BJ121: 追加
BJ122: 削除
C124: 商用仕変設変No-00196 | P124: 2024年度下期開発 （制度照会最新化等） | AH124: 添付ファイルの注意書きについて文言修正 | AZ124: 画面レイアウト | BJ124: 更新 | BO124: 杉山 2024/11/13
BJ125: 追加
BJ126: 削除

Sheet 機能概要
A1: 機能概要 | P1: 業 務 | T1: =表紙!AC15 -> 社宅 | AH1: 機 能 | AL1: =表紙!AC23 -> 入居申請（人事） | AZ1: 作成者 | BC1: 白取 | BJ1: 作成日 | BM1: 42366
P2: 処 理 | T2: 社宅申込 | AH2: 処理種別 | AL2: オンライン | AZ2: 修正者 | BJ2: 修正日
B5: 機能概要 | AM5: データフロー
B6: 社員が、人事異動に伴う社宅への入居を希望するために、入居申請内容を登録する。 画面上から、世帯用社宅、単独身寮の区分、同居家族情報等を登録する。 | AM6: 「補足説明 １ データフロー図」参照
B22: 前提条件・制約事項・運用上の留意事項
B23: （１）申請状況が「審査中」「決裁中」の場合は申請できず、参照のみ可能とする。 （２）社員申請チェック情報に存在しない社員区分、社員資格の社員は、申請できない。（画面表示時にチェック） （３）社員が利用する場合、多言語対応を行う。
B37: セキュリティ要件
B38: 社員、または、各社厚生（審査者）が代行で、申請を行う。
C40: 利用権限 | I40: 社員 | Q40: 各社厚生
C41: ロール名 | I41: 個人申請業務 | Q41: 各社厚生（審査者）
C42: セキュリティ範囲 | I42: 利用者個人 | Q42: 会社＋組織

Sheet 画面遷移図
A1: 画面遷移図 | P1: 業 務 | T1: =表紙!AC15 -> 社宅 | AH1: 機 能 | AL1: =表紙!AC23 -> 入居申請（人事） | AZ1: 作成者 | BC1: =機能概要!BC1 -> 白取 | BJ1: 作成日 | BM1: =機能概要!BM1 -> 42366
P2: 処 理 | T2: =機能概要!T2 -> 社宅申込 | AH2: 処理種別 | AL2: =機能概要!AL2 -> オンライン | AZ2: 修正者 | BJ2: 修正日
B5: １．申請時、または、照会時
B34: ２．代行申請時

Sheet 画面レイアウト
A1: 画面レイアウト | P1: 業 務 | T1: =表紙!AC15 -> 社宅 | AH1: 機 能 | AL1: =表紙!AC23 -> 入居申請（人事） | AZ1: 作成者 | BC1: =機能概要!BC1 -> 白取 | BJ1: 作成日 | BM1: =機能概要!BM1 -> 42366
P2: 処 理 | T2: =機能概要!T2 -> 社宅申込 | AH2: 処理種別 | AL2: =機能概要!AL2 -> オンライン | AZ2: 修正者 | BC2: 杉山 | BJ2: 修正日 | BM2: 45609
C5: 画面名 | H5: 入居申請（人事） （１／３） | T5: 表示名 | V5: 入居申請（人事） | AH5: 画面ＩＤ | AM5: CHA10S01
C6: ・未申請のイメージ （「一時保存」も同様。）
C53: 画面名 | H53: 入居申請（人事） （２／３） | T53: 表示名 | V53: 入居申請（人事） | AH53: 画面ＩＤ | AM53: CHA10S01
C54: ・未申請のイメージ （「一時保存」も同様。）
C101: 画面名 | H101: 入居申請（人事） （２／３） | T101: 表示名 | V101: 入居申請（人事） | AH101: 画面ＩＤ | AM101: CHA10S01
C102: ・未申請のイメージ （「一時保存」も同様。）
C149: 画面名 | H149: 入居申請（人事） （１／３） | T149: 表示名 | V149: 入居申請（人事） | AH149: 画面ＩＤ | AM149: CHA10S01
C150: ・承認ワークフローの「未審査」時のイメージ （「審査ＯＫ」「決裁ＯＫ」「取消」「決裁ＮＧ」も同様。）
C197: 画面名 | H197: 入居申請（人事） （２／３） | T197: 表示名 | V197: 入居申請（人事） | AH197: 画面ＩＤ | AM197: CHA10S01
C198: ・承認ワークフローの「未審査」時のイメージ （「審査ＯＫ」「決裁ＯＫ」「取消」「決裁ＮＧ」も同様。）
C245: 画面名 | H245: 入居申請（人事） （３／３） | T245: 表示名 | V245: 入居申請（人事） | AH245: 画面ＩＤ | AM245: CHA10S01
C246: ・承認ワークフローの「未審査」時のイメージ （「審査ＯＫ」「決裁ＯＫ」「取消」「決裁ＮＧ」も同様。）
C293: 画面名 | H293: 入居申請（人事） （１／３） | T293: 表示名 | V293: 入居申請（人事） | AH293: 画面ＩＤ | AM293: CHA10S01
C294: ・承認ワークフローの「審査ＮＧ」時のイメージ
C341: 画面名 | H341: 入居申請（人事） （２／３） | T341: 表示名 | V341: 入居申請（人事） | AH341: 画面ＩＤ | AM341: CHA10S01
C342: ・承認ワークフローの「審査ＮＧ」時のイメージ
C389: 画面名 | H389: 入居申請（人事） （３／３） | T389: 表示名 | V389: 入居申請（人事） | AH389: 画面ＩＤ | AM389: CHA10S01
C390: ・承認ワークフローの「審査ＮＧ」時のイメージ
C437: 画面名 | H437: 入居申請（人事）検索 | T437: 表示名 | V437: 入居申請（人事）検索 | AH437: 画面ＩＤ | AM437: CHA10S02
C486: 画面名 | H486: 入居申請（人事）誓約書 | T486: 表示名 | V486: 入居申請（人事）誓約書 | AH486: 画面ＩＤ | AM486: CHA10S02

Sheet （不要になったら削除）画面レイアウト貼り付け用
B2: ＴＯＰ ＞ 入居申請（人事）
B4: 入居申請（人事）
D7: 社員基本情報
D9: 社員 | H9: 氏名コード | M9: XXXXXXX
H10: カナ氏名 | M10: XXXXXXXXXX XXXXXXXXXX
H11: 氏名 | M11: ＮＮＮＮＮ ＮＮＮＮＮ
H12: 生年月日 | M12: 9999/99/99 | Q12: 99歳 | V12: 性別 | Y12: 男性
H13: 職能資格 | M13: XXXX | Q13: ＮＮＮＮＮＮＮＮＮＮＮＮＮＮＮＮＮＮＮＮ
D14: 会社 | H14: 会社 | M14: XXXXXX | Q14: ＮＮＮＮＮＮＮＮＮＮＮＮＮＮＮＮＮＮＮＮＮＮＮＮＮＮＮＮＮＮＮＮＮＮＮＮ
H15: 組織 | M15: XXXXXXXX | Q15: ＮＮＮＮＮＮＮＮＮＮＮＮＮＮＮＮＮＮＮＮＮＮＮＮＮＮＮＮＮＮＮＮＮＮＮＮＮＮＮＮＮＮＮＮＮＮ
H16: 採用年月日 | M16: 9999/99/99 | Q16: 採用会社 | U16: ＮＮＮＮＮＮＮＮＮＮＮＮＮＮＮＮＮＮＮＮＮＮＮＮＮＮＮＮＮＮＮＮＮＮＮＮ
D18: 社宅申込（人事異動用）
D21: 発令年月日(必須) | L21: 2008/06/28 | R21: 任命年月日(必須) | X21: 2008/06/30 | AD21: 申込種別(必須) | AI21: 1:世帯
D22: 例)1900/04/01 | R22: 例)1900/04/01
D23: 入居希望時期 | L23: 003:その他 | R23: ７月より異動のため。
D24: 全角25文字以内
D25: 社宅入居状況(必須) | L25: 01:配偶者は現住居に継続入居し、その他の家族と同居（予定含む）のため世帯用社宅を申請
L27: 新職 | Z27: 現職
D29: 会社名(必須) | L29: 品川 | Z29: 品川
D30: 全角24文字以内
D31: 組織名(必須) | L31: 組織 | Z31: 組織
D32: 全角20文字以内
D33: 部課名 | L33: 部課 | Z33: 部課
D34: 全角20文字以内
D35: 出向先会社名 | L35: 五反田会社 | Z35: 池袋会社
D36: 全角24文字以内
D37: 所属電話番号(必須) | L37: 000-000-0000 | Z37: 111-111-1111
D38: 例)99-9999-9999
D39: 勤務地住所(必須) | L39: 五反田会社 | Z39: 五反田会社
D40: 例)●●県●●市●●町●-●
D41: 勤務地(ﾋﾞﾙ名等)(必須) | L41: 品川ビル | Z41: 池袋ビル
D42: 全角15文字以内
D43: 勤務先路線名･最寄駅(必須) | L43: 品川 | X43: 駅 | Z43: 品川 | AL43: 駅
D44: 全角20文字以内
D45: 連絡先電話番号(必須) | L45: 10-233-1615
D46: 例)99-9999-9999
D47: 連絡先メールアドレス | L47: sinsei@aaa
D48: 例)xxx@xx.xx
D50: 現在の居住状況
D51: 居住区分 | L51: 2:借家 | U51: 間取り(2LDK、3LDK) | AB51: 3K | AG51: 居住人数(本人含む)(必須) | AO51: 2 | AP51: 人
U52: 全角5文字以内 | AG52: 半角数字2桁以内
D53: 住所1 | L53: 東京都新宿区西新宿１－２１－１
D55: 住所2 | L55: 明宝ビル９Ｆ
D57: 現住所の最寄駅 | L57: 新宿 | R57: 駅
D58: 全角10文字以内
D60: 暫定社宅希望 | L60: 1:希望
D62: 特に考慮すべき事項等 | L62: 特に無し
D63: 全角170文字以内
D67: 同居家族
D69: 同居予定者
J70: 続柄 配偶者 生年月日 1950/11/05 年齢 57 同居別居 | AI70: 1:同居 | AN70: 扶養有無 無
D72: 同居予定者
J73: 続柄 長女 生年月日 1989/06/21 年齢 18 同居別居 | AI73: 1:同居 | AN73: 扶養有無 無
B80: ＴＯＰ ＞ 入居申請（人事）
B82: 入居申請（人事）
D85: 社員基本情報
D87: 社員 | H87: 氏名コード | M87: XXXXXXX
H88: カナ氏名 | M88: XXXXXXXXXX XXXXXXXXXX
H89: 氏名 | M89: ＮＮＮＮＮ ＮＮＮＮＮ
H90: 生年月日 | M90: 9999/99/99 | Q90: 99歳 | V90: 性別 | Y90: 男性
H91: 職能資格 | M91: XXXX | Q91: ＮＮＮＮＮＮＮＮＮＮＮＮＮＮＮＮＮＮＮＮ
D92: 会社 | H92: 会社 | M92: XXXXXX | Q92: ＮＮＮＮＮＮＮＮＮＮＮＮＮＮＮＮＮＮＮＮＮＮＮＮＮＮＮＮＮＮＮＮＮＮＮＮ
H93: 組織 | M93: XXXXXXXX | Q93: ＮＮＮＮＮＮＮＮＮＮＮＮＮＮＮＮＮＮＮＮＮＮＮＮＮＮＮＮＮＮＮＮＮＮＮＮＮＮＮＮＮＮＮＮＮＮ
H94: 採用年月日 | M94: 9999/99/99 | Q94: 採用会社 | U94: ＮＮＮＮＮＮＮＮＮＮＮＮＮＮＮＮＮＮＮＮＮＮＮＮＮＮＮＮＮＮＮＮＮＮＮＮ
D96: 申請状況
AD98: 審査者 | AG98: ＮＮＮＮＮＮＮＮＮＮＮＮＮＮＮＮＮＮＮＮ
AD99: 承認者 | AG99: ＮＮＮＮＮＮＮＮＮＮＮＮＮＮＮＮＮＮＮＮ
D100: 現在の申請状況 | L100: 審査中 | Y100: 申請年月日 | AD100: 9999/99/99
D101: 審査者 | L101: ＮＮＮＮＮＮＮＮＮＮＮＮＮＮＮＮＮＮＮＮ | Y101: 承認者 | AD101: ＮＮＮＮＮＮＮＮＮＮＮＮＮＮＮＮＮＮＮＮ
D102: 現在の申請状況 | L102: 審査中 | Z102: 審査者 | AC102: ＮＮＮＮＮＮＮＮＮＮＮＮＮＮＮＮＮＮＮＮ
D103: 申請年月日 | L103: 9999/99/99 | Z103: 承認者 | AC103: ＮＮＮＮＮＮＮＮＮＮＮＮＮＮＮＮＮＮＮＮ
D105: 社宅申込（人事異動用）
D108: 現在の申請状況 | L108: 審査中
D110: 発令年月日(必須) | L110: 2008/06/28 | R110: 任命年月日(必須) | X110: 2008/06/30 | AD110: 申込種別(必須) | AI110: 1:世帯
D111: 例)1900/04/01 | R111: 例)1900/04/01
D112: 入居希望時期 | L112: 003:その他 | R112: ７月より異動のため。
D113: 全角25文字以内
D114: 社宅入居状況(必須) | L114: 01:配偶者は現住居に継続入居し、その他の家族と同居（予定含む）のため世帯用社宅を申請
L116: 新職 | Z116: 現職
D118: 会社名(必須) | L118: 品川 | Z118: 品川
D119: 全角24文字以内
D120: 組織名(必須) | L120: 組織 | Z120: 組織
D121: 全角20文字以内
D122: 部課名 | L122: 部課 | Z122: 部課
D123: 全角20文字以内
D124: 出向先会社名 | L124: 五反田会社 | Z124: 池袋会社
D125: 全角24文字以内
D126: 所属電話番号(必須) | L126: 000-000-0000 | Z126: 111-111-1111
D127: 例)99-9999-9999
D128: 勤務地住所(必須) | L128: 五反田会社 | Z128: 五反田会社
D129: 例)●●県●●市●●町●-●
D130: 勤務地(ﾋﾞﾙ名等)(必須) | L130: 品川ビル | Z130: 池袋ビル
D131: 全角15文字以内
D132: 勤務先路線名･最寄駅(必須) | L132: 品川 | X132: 駅 | Z132: 品川 | AL132: 駅
D133: 全角20文字以内
D134: 連絡先電話番号(必須) | L134: 10-233-1615
D135: 例)99-9999-9999
D136: 連絡先メールアドレス | L136: sinsei@aaa
D137: 例)xxx@xx.xx
D139: 現在の居住状況
...

Sheet 画面項目仕様
A1: 画面項目仕様 | P1: 業 務 | T1: 社宅 | AH1: 機 能 | AL1: 入居申請（人事） | AZ1: 作成者 | BC1: 白取 | BJ1: 作成日 | BM1: 42366
P2: 処 理 | T2: 社宅申込 | AH2: 処理種別 | AL2: オンライン | AZ2: 修正者 | BC2: 杉山 | BJ2: 修正日 | BM2: 45125
C5: 画面名 | H5: 入居申請（人事） | AH5: 画面ＩＤ | AM5: CHA10S01
C7: 項番 | E7: 画面項目名 | O7: 入力形式 | U7: 属性 | X7: 桁数 | AB7: 共通チェックID | AG7: 入出力 | AJ7: 必須 | AL7: 初期値 | AQ7: 英語 対応 | AS7: 編集仕様／処理概要
X8: 最小 | Z8: 最大
C9: 01 | E9: 氏名コード | O9: テキスト（入力枠なし） | U9: X | X9: 0 | Z9: 7 | AG9: 出力 | AS9: 利用者が社員である場合、ログインユーザーの氏名コードを表示する。 利用者が各社厚生である場合、入居申請（人事）検索画面から引き継がれた氏名コードを表示する。
C12: 02 | E12: カナ氏名 | O12: テキスト（入力枠なし） | U12: X | X12: 0 | Z12: 49 | AG12: 出力 | AS12: 『氏名コード』に対応する［社員情報．氏名カナ］を表示する。
C14: 03 | E14: 氏名 | O14: テキスト（入力枠なし） | U14: Ｎ | X14: 0 | Z14: 61 | AG14: 出力 | AS14: 『氏名コード』に対応する［社員情報．氏名漢字］を表示する。
C16: 04 | E16: 生年月日 | O16: テキスト（入力枠なし） | U16: 日付 | X16: 0 | Z16: 10 | AG16: 出力 | AS16: 『氏名コード』に対応する［社員情報．生年月日］を表示する。
C18: 05 | E18: 年齢 | O18: テキスト（入力枠なし） | U18: X | X18: 0 | Z18: 3 | AG18: 出力 | AS18: 『生年月日』より、当年度末時点の年齢を算出して、表示する。（「年齢計算ニ関スル法律」に従う）
C20: 06 | E20: 性別 | O20: テキスト（入力枠なし） | U20: Ｎ | X20: 0 | Z20: 2 | AG20: 出力 | AQ20: ○ | AS20: 『氏名コード』に対応する［社員情報．性別コード］の名称を表示する。 （コード仕様の（業務共通）「性別コード」を参照）
C22: 07 | E22: 職能資格 | O22: テキスト（入力枠なし） | U22: X | X22: 0 | Z22: 4 | AG22: 出力 | AS22: 利用者が社員の場合、ラベルごと非表示とする。 利用者が各社厚生の場合、『氏名コード』に対応する［社員情報．本務社員資格］を表示する。
C24: 08 | E24: 職能資格名 | O24: テキスト（入力枠なし） | U24: Ｎ | X24: 0 | Z24: 20 | AG24: 出力 | AS24: 利用者が社員の場合、ラベルごと非表示とする。 利用者が各社厚生の場合、『氏名コード』に対応する［社員情報．本務職能資格名］を表示する。
C26: 09 | E26: 会社コード | O26: テキスト（入力枠なし） | U26: X | X26: 0 | Z26: 6 | AG26: 出力 | AS26: 『氏名コード』に対応する［社員情報．本務会社コード］を表示する。
C28: 10 | E28: 会社名 | O28: テキスト（入力枠なし） | U28: Ｎ | X28: 0 | Z28: 36 | AG28: 出力 | AS28: 『会社コード』に対応する［会社マスタ．会社正式名称（厚生）］を表示する。
C30: 11 | E30: 組織コード | O30: テキスト（入力枠なし） | U30: X | X30: 0 | Z30: 8 | AG30: 出力 | AS30: 『氏名コード』に対応する［社員情報．本務組織コード］を表示する。
C32: 12 | E32: 組織名 | O32: テキスト（入力枠なし） | U32: Ｎ | X32: 0 | Z32: 100 | AG32: 出力 | AS32: 『組織コード』に対応する［組織マスタ．組織名］を表示する。 （※人事給与区分は“0”（人事給与共用）または“1”（人事））
C34: 13 | E34: 採用年月日 | O34: テキスト（入力枠なし） | U34: 日付 | X34: 0 | Z34: 10 | AG34: 出力 | AS34: 『氏名コード』に対応する［社員情報．採用年月日］を表示する。
C36: 14 | E36: 採用会社 | O36: テキスト（入力枠なし） | U36: Ｎ | X36: 0 | Z36: 36 | AG36: 出力 | AS36: ［社員情報．出身会社コード］に対応する［会社マスタ．会社正式名称（厚生）］を表示する。
C38: 15 | E38: 申請状況 | O38: ラベル | AS38: 申請済み（※１）の場合、表示する。 未申請および一時保存（※２）の場合、非表示とする。 （「補足説明 ２．申請状況確認」を参照）
C41: 16 | F41: 現在の申請状況 | O41: テキスト（入力枠なし） | U41: Ｎ | X41: 0 | Z41: 15 | AG41: 出力 | AQ41: ○ | AS41: 『現在の申請状況』を表示する。（「補足説明 ２．申請状況確認」を参照） ※『現在の申請状況』を非表示とする場合、項目名を表示しない。
C43: 17 | F43: 申請年月日 | O43: テキスト（入力枠なし） | U43: 日付 | X43: 0 | Z43: 10 | AG43: 出力 | AS43: 申請済みの場合［入居申込（一時）．申請年月日］を表示する。
C45: 18 | F45: 審査者 | O45: テキスト（入力枠なし） | U45: Ｎ | X45: 0 | Z45: 61 | AG45: 出力 | AS45: 申請済みの場合［入居申込（一時）．審査者氏名コード］に対応する［社員情報．氏名漢字］を表示する。
C47: 19 | F47: 承認者 | O47: テキスト（入力枠なし） | U47: Ｎ | X47: 0 | Z47: 61 | AG47: 出力 | AS47: 申請済みの場合［入居申込（一時）．決裁者氏名コード］に対応する［社員情報．氏名漢字］を表示する。
E49: ※１：［入居申込（一時）．申請状況フラグ］が“1”（申請中）,“2”（審査中）,“3”（決裁中）,“X”（完了）,“9”（取消）の場合
E50: ※２：［入居申込（一時）］がレコード無し、あるいは［入居申込（一時）．申請状況フラグ］が“0”（一時保存中）の場合
C53: 項番 | E53: 画面項目名 | O53: 入力形式 | U53: 属性 | X53: 桁数 | AB53: 共通チェックID | AG53: 入出力 | AJ53: 必須 | AL53: 初期値 | AQ53: 英語 対応 | AS53: 編集仕様／処理概要
X54: 最小 | Z54: 最大
C55: 20 | E55: 発令年月日 | O55: テキストボックス | U55: 日付 | X55: 10 | Z55: 10 | AG55: 入力 | AJ55: ○ | AS55: （ユーザーが）発令年月日を入力、または、カレンダーダイアログで選択する。 一時保存または申請済みの場合［入居申込（一時）．発令年月日］を表示する。
C57: 21 | E57: 任命年月日 | O57: テキストボックス | U57: 日付 | X57: 10 | Z57: 10 | AG57: 入力 | AJ57: ○ | AS57: （ユーザーが）任命年月日を入力、または、カレンダーダイアログで選択する。 一時保存または申請済みの場合［入居申込（一時）．任命年月日］を表示する。
C59: 22 | E59: 申込種別 | O59: プルダウン | U59: - | X59: - | Z59: - | AG59: 入力 | AJ59: ○ | AQ59: ○ | AS59: （ユーザーが）申込種別を選択する。 一時保存または申請済みの場合［入居申込（一時）．申込種別コード］＋“:”＋「申込種別コードに対応する名称」を表示する。
C62: 23 | E62: 入居希望時期 | O62: プルダウン | U62: - | X62: - | Z62: - | AG62: 入力 | AQ62: ○ | AS62: （ユーザーが）入居希望時期を選択する。 一時保存または申請済みの場合［入居申込（一時）．入居希望時期コード］＋“:”＋「入居希望時期コードに対応する名称」を表示する。
C65: 24 | E65: 入居希望時期その他欄 | O65: テキストボックス | U65: Ｎ＋X | X65: 0 | Z65: 25 50 | AG65: 入力 | AS65: （ユーザーが）入居希望時期その他欄を入力する。
C67: 25 | E67: 社宅入居状況 | O67: プルダウン | U67: - | X67: - | Z67: - | AG67: 入力 | AJ67: ○ | AQ67: ○ | AS67: （ユーザーが）社宅入居状況を選択する。 一時保存または申請済みの場合［入居申込（一時）．社宅入居状況コード］＋“:”＋「社宅入居状況コードに対応する名称」を表示する。
C70: 26 | E70: 持家・単身赴任有無 | O70: プルダウン | U70: - | X70: - | Z70: - | AG70: 入力 | AJ70: ○ | AQ70: ○ | AS70: （ユーザーが）持家・単身赴任有無を選択する。 一時保存または申請済みの場合［入居申込（一時）．持家有無コード］＋“:”＋「持家有無コードに対応する名称」を表示する。（コード仕様の「持家単身有無コード」を参照）
C73: 27 | E73: 新職会社 | O73: テキストボックス | U73: Ｎ＋X | X73: 1 | Z73: 24 48 | AG73: 入力 | AJ73: ○ | AS73: （ユーザーが）新職会社を入力する。 一時保存または申請済みの場合［入居申込（一時）．新会社名］を表示する。
C75: 28 | E75: 現職会社 | O75: テキストボックス | U75: Ｎ＋X | X75: 1 | Z75: 24 48 | AG75: 入力 | AS75: （ユーザーが）現職会社を入力する。 一時保存または申請済みの場合［入居申込（一時）．旧会社名］を表示する。
C77: 29 | E77: 新職組織 | O77: テキストボックス | U77: Ｎ＋X | X77: 1 | Z77: 20 40 | AG77: 入力 | AJ77: ○ | AS77: （ユーザーが）新職組織を入力する。 一時保存または申請済みの場合［入居申込（一時）．新組織名］を表示する。
C79: 30 | E79: 現職組織 | O79: テキストボックス | U79: Ｎ＋X | X79: 0 | Z79: 20 40 | AG79: 入力 | AS79: （ユーザーが）現職組織を入力する。 一時保存または申請済みの場合［入居申込（一時）．旧組織名］を表示する。
C81: 31 | E81: 新職部課 | O81: テキストボックス | U81: Ｎ＋X | X81: 0 | Z81: 20 40 | AG81: 入力 | AS81: （ユーザーが）新職部課を入力する。 一時保存または申請済みの場合［入居申込（一時）．新部課名］を表示する。
C83: 32 | E83: 現職部課 | O83: テキストボックス | U83: Ｎ＋X | X83: 0 | Z83: 20 40 | AG83: 入力 | AS83: （ユーザーが）現職部課を入力する。 一時保存または申請済みの場合［入居申込（一時）．旧部課名］を表示する。
C85: 33 | E85: 新職出向先会社 | O85: テキストボックス | U85: Ｎ＋X | X85: 0 | Z85: 24 48 | AG85: 入力 | AS85: （ユーザーが）新職出向先会社を入力する。 一時保存または申請済みの場合［入居申込（一時）．新出向会社名］を表示する。
C87: 34 | E87: 現職出向先会社 | O87: テキストボックス | U87: Ｎ＋X | X87: 0 | Z87: 24 48 | AG87: 入力 | AS87: （ユーザーが）現職出向先会社を入力する。 一時保存または申請済みの場合［入居申込（一時）．旧出向会社名］を表示する。
C89: 35 | E89: 新職所属電話番号 | O89: テキストボックス | U89: X | X89: 0 | Z89: 14 | AB89: 電話番号チェック | AG89: 入力 | AJ89: ○ | AS89: （ユーザーが）新職所属電話番号を入力する。 一時保存または申請済みの場合［入居申込（一時）．新所属電話番号］を表示する。
C91: 36 | E91: 現職所属電話番号 | O91: テキストボックス | U91: X | X91: 0 | Z91: 14 | AB91: 電話番号チェック | AG91: 入力 | AS91: （ユーザーが）現職所属電話番号を入力する。 一時保存または申請済みの場合［入居申込（一時）．旧所属電話番号］を表示する。
C93: 37 | E93: 新職勤務地住所 | O93: テキストボックス | U93: Ｎ＋X | X93: 0 | Z93: 36 72 | AG93: 入力 | AJ93: ○ | AS93: （ユーザーが）新職勤務地住所を入力する。 一時保存または申請済みの場合［入居申込（一時）．新勤務地住所］を表示する。
C95: 38 | E95: 現職勤務地住所 | O95: テキストボックス | U95: Ｎ＋X | X95: 0 | Z95: 36 72 | AG95: 入力 | AS95: （ユーザーが）現職勤務地住所を入力する。 一時保存または申請済みの場合［入居申込（一時）．旧勤務地住所］を表示する。
C97: 39 | E97: 新職勤務地 | O97: テキストボックス | U97: Ｎ＋X | X97: 1 | Z97: 15 30 | AG97: 入力 | AJ97: ○ | AS97: （ユーザーが）新職勤務地を入力する。 一時保存または申請済みの場合［入居申込（一時）．新勤務地（ビル名等）］を表示する。
C102: 項番 | E102: 画面項目名 | O102: 入力形式 | U102: 属性 | X102: 桁数 | AB102: 共通チェックID | AG102: 入出力 | AJ102: 必須 | AL102: 初期値 | AQ102: 英語 対応 | AS102: 編集仕様／処理概要
X103: 最小 | Z103: 最大
C104: 40 | E104: 現職勤務地 | O104: テキストボックス | U104: Ｎ＋X | X104: 0 | Z104: 15 30 | AG104: 入力 | AS104: （ユーザーが）現職勤務地を入力する。 一時保存または申請済みの場合［入居申込（一時）．旧勤務地（ビル名等）］を表示する。
C107: 41 | E107: 新職勤務先最寄駅 | O107: テキストボックス | U107: Ｎ＋X | X107: 0 | Z107: 20 40 | AG107: 入力 | AJ107: ○ | AS107: （ユーザーが）新職勤務先最寄駅を入力する。 一時保存または申請済みの場合［入居申込（一時）．新勤務先最寄駅］を表示する。
C109: 42 | E109: 現職勤務先最寄駅 | O109: テキストボックス | U109: Ｎ＋X | X109: 0 | Z109: 20 40 | AG109: 入力 | AS109: （ユーザーが）現職勤務先最寄駅を入力する。 一時保存または申請済みの場合［入居申込（一時）．旧勤務先最寄駅］を表示する。
C111: 43 | E111: 連絡先電話番号 | O111: テキストボックス | U111: X | X111: 1 | Z111: 14 | AB111: 電話番号チェック | AG111: 入力 | AJ111: ○ | AS111: （ユーザーが）連絡先電話番号を入力する。 未申請の場合［社員情報．本務組織コード］に対応する［組織マスタ．組織電話番号］を表示する。 一時保存または申請済みの場合［入居申込（一時）．連絡先電話番号］を表示する。
C115: 44 | E115: 連絡先メールアドレス | O115: テキストボックス | U115: X | X115: 0 | Z115: 70 | AG115: 出力 | AS115: 未申請の場合『氏名コード』に対する「勤務先メールアドレス」を表示する。 （桁数を超える場合は、超過分をカットする） 一時保存または申請済みの場合［入居申込（一時）．返信先メールアドレス（本人）］を表示する。
C120: 45 | E120: 居住区分 | O120: プルダウン | U120: - | X120: - | Z120: - | AG120: 入力 | AQ120: ○ | AS120: （ユーザーが）居住区分を選択する。 一時保存または申込済みの場合［入居申込（一時）．住居種別コード］＋“:”＋「住居種別コードに対応する名称」を表示する。（コード仕様の「住居種別コード」を参照）
C123: 46 | E123: 間取り（２ＬＤＫ、３ＬＤＫ） | O123: テキストボックス | U123: Ｎ＋X | X123: 0 | Z123: 5 10 | AG123: 入力 | AS123: （ユーザーが）間取り（２ＬＤＫ、３ＬＤＫ）を入力する。 一時保存または申請済みの場合［入居申込（一時）．現在の間取］を表示する。
C125: 47 | E125: 居住人数(本人含む) | O125: テキストボックス | U125: 9 | X125: 1 | Z125: 2 | AG125: 入力 | AJ125: ○ | AS125: （ユーザーが）居住人数（本人含む）を入力する。 一時保存または申請済みの場合［入居申込（一時）．入居人数］を表示する。 【数値範囲】 最小：1
C129: 48 | E129: 住所１ | O129: テキスト（入力枠なし） | U129: Ｎ＋X | X129: 0 | Z129: 36 72 | AG129: 出力 | AS129: 未申請の場合『氏名コード』に対応する［社員情報．自宅住所1］を表示する。 （桁数を超える場合は、超過分をカットする） 一時保存または申請済みの場合［入居申込（一時）．現住所１］を表示する。
C132: 49 | E132: 住所２ | O132: テキスト（入力枠なし） | U132: Ｎ＋X | X132: 0 | Z132: 36 72 | AG132: 出力 | AS132: 未申請の場合『氏名コード』に対応する［社員情報．自宅住所2］を表示する。 （桁数を超える場合は、超過分をカットする） 一時保存または申請済みの場合［入居申込（一時）．現住所２］を表示する。
C135: 50 | E135: 現住所の最寄駅 | O135: テキストボックス | U135: Ｎ＋X | X135: 0 | Z135: 10 20 | AG135: 入力 | AS135: （ユーザーが）現住所の最寄駅を入力する。 一時保存または申請済みの場合［入居申込（一時）．現住所最寄駅］を表示する。
C137: 51 | E137: 暫定社宅希望 | O137: プルダウン | U137: - | X137: - | Z137: - | AG137: 入力 | AL137: “”（未選択） | AQ137: ○ | AS137: （ユーザーが）暫定社宅希望を選択する。 一時保存または申込済みの場合［入居申込（一時）．暫定社宅希望］＋“:”＋「暫定社宅希望に対応する名称」を表示する。（コード仕様の「暫定社宅希望」を参照）
C140: 52 | E140: 特に考慮すべき事項等 | O140: テキストエリア | U140: Ｎ＋X | X140: 0 | Z140: 170 340 | AG140: 入力 | AS140: （ユーザーが）特に考慮すべき事項等を入力する。 一時保存または申請済みの場合［入居申込（一時）．社宅説明事項］を表示する。
C142: 53 | E142: 書類添付ファイル選択 | O142: ファイル選択複数 | U142: － | X142: － | Z142: － | AG142: － | AS142: 【チェック用パラメータ】 アップロードファイル数上限：2(基本的に登記簿謄本だけだが、複数ページにわたる場合を考慮。 また、建物売買契約書やそれに準ずる書類を想定) 許容拡張子：PDF、JPG ファイルサイズ上限：2.5MB以下
C146: 54 | E146: 書類添付 | O146: テキストエリア | U146: Ｎ＋X | X146: － | Z146: 128 | AG146: 出力 | AS146: 添付したファイル名を表示する。
C150: 項番 | E150: 画面項目名 | O150: 入力形式 | U150: 属性 | X150: 桁数 | AB150: 共通チェックID | AG150: 入出力 | AJ150: 必須 | AL150: 初期値 | AQ150: 英語 対応 | AS150: 編集仕様／処理概要
X151: 最小 | Z151: 最大
C152: 54 | E152: 同居家族 | O152: ラベル | AS152: 選択した『申込種別』が“1”（世帯）以外である場合は、ラベルも含め、配下の項目を全て非表示とする。（補足説明 「３．画面表示制御 (１)申込種別」を参照） 同居家族を表示する場合、家族の人数だけ繰り返して表示する。 続柄コード、生年月日の昇順でソートする。
C157: 55 | F157: 同居予定者 | O157: チェックボックス | U157: - | X157: - | Z157: - | AG157: 入力 | AS157: （ユーザーが）家族が同居予定者の場合、チェックをつける。
C159: 56 | F159: 続柄 | O159: テキスト（入力枠なし） | U159: Ｎ | X159: 0 | Z159: 15 | AG159: 出力 | AQ159: ○ | AS159: 未申請の場合［家族情報．続柄コード］の名称を表示する。 一時保存または申請済みの場合は［入居申込家族（一時）．続柄コード］の名称を表示する。 （コード仕様の（業務共通）「続柄コード」を参照）
C163: 57 | F163: 生年月日 | O163: テキスト（入力枠なし） | U163: 日付 | X163: 10 | Z163: 10 | AG163: 出力 | AS163: 未申請の場合［家族情報．生年月日］を表示する。 一時保存または申請済みの場合［入居申込家族（一時）．同居者生年月日］をする。
C165: 58 | F165: 年齢 | O165: テキスト（入力枠なし） | U165: Z9 | X165: 0 | Z165: 3 | AG165: 出力 | AS165: 未申請の場合『生年月日』より家族の年齢を表示する。（「年齢計算ニ関スル法律」に従う） 一時保存または申込済みの場合［入居申込家族（一時）．同居者年齢］
C168: 59 | F168: 同居別居 | O168: プルダウン | U168: - | X168: - | Z168: - | AG168: 入力 | AL168: “”（未選択） | AQ168: ○ | AS168: （ユーザーが）『同居予定者』をチェックした場合『同居別居』を選択可能とし、未申請の場合、同居別居を選択する。 一時保存または申込済みの場合［入居申込家族（一時）．現状同居別居別］＋“:”＋「現状同居別居別に対応する名称」を表示する。（コード仕様の「現状同居別居別」を参照）
C172: 60 | F172: 扶養有無 | O172: テキスト（入力枠なし） | U172: Ｎ | X172: 0 | Z172: 1 | AG172: 出力 | AQ172: ○ | AS172: 未申請の場合［家族情報．税扶養有無］が“1”（NTT健康保険の被扶養者である）の場合“有”、“0”（NTT健康保険の被扶養者でない）の場合“無”を表示する。 一時保存または申込済みの場合［入居申込家族（一時）．扶養区分コード］を上記と同様に表示する。
C176: 61 | E176: NG理由 | O176: テキストエリア | U176: Ｎ | X176: 0 | Z176: 300 | AG176: 出力 | AS176: ＮＧ理由を表示する。 審査者により申請が一度も却下されていない場合は非表示とする。
C178: 62 | E178: 申請取消 | O178: ボタン | U178: - | X178: - | Z178: - | AB178: 登録チェック | AG178: － | AQ178: ○ | AS178: 【登録チェック引数】 %1：“申請を取消” 「登録確認ダイアログ」を表示する。 共通外部仕様 機能詳細－１．登録更新画面共通 【確認ダイアログパラメータ】 処理名：その他 その他文言：この内容で申請を取消します。よろしいですか？ 申請内容が一度も保存されていない場合、または、 申請状況フラグが未申請、“2”（審査中）“3”（決裁中）“X”（完了）“9”（取消）の場合は非表示、 申請状況フラグが“0”（一時保存）“1”（申請中）の場合は、表示する。
C198: 項番 | E198: 画面項目名 | O198: 入力形式 | U198: 属性 | X198: 桁数 | AB198: 共通チェックID | AG198: 入出力 | AJ198: 必須 | AL198: 初期値 | AQ198: 英語 対応 | AS198: 編集仕様／処理概要
X199: 最小 | Z199: 最大
C200: 63 | E200: 誓約書に同意しました | O200: チェックボックス | U200: - | X200: - | Z200: - | AG200: 入力 | AJ200: ○ | AQ200: ○ | AS200: （ユーザーが）誓約書を確認し承諾した意思として、チェックをつける。
C202: 64 | E202: 誓約書 | O202: ハイパーリンク | U202: - | X202: - | Z202: - | AG202: 出力 | AJ202: ○ | AQ202: ○ | AS202: （ユーザーが）ハイパーリンク押下時、誓約書確認画面へ遷移し、誓約書を表示する。
C204: 65 | E204: 一時保存 | O204: ボタン | U204: - | X204: - | Z204: - | AB204: 登録チェック | AG204: － | AQ204: ○ | AS204: 【登録チェック引数】 %1：“一時保存” 「登録確認ダイアログ」を表示する。 共通外部仕様 機能詳細－１．登録更新画面共通 【確認ダイアログパラメータ】 処理名：一時保存 申請状況フラグが“2”（審査中）“3”（決裁中）“X”（完了）“9”（取消）の場合は非表示、 申請状況フラグが未申請、あるいは“0”（一時保存）“1”（申請中）の場合は、表示する。
C213: 66 | E213: 申請 | O213: ボタン | U213: - | X213: - | Z213: - | AB213: 登録チェック | AG213: － | AQ213: ○ | AS213: 【登録チェック引数】 %1：“申請” 「登録確認ダイアログ」を表示する。 共通外部仕様 機能詳細－１．登録更新画面共通 【確認ダイアログパラメータ】 処理名：その他 その他文言：この内容で申請します。よろしいですか？ 申請状況フラグが“2”（審査中）“3”（決裁中）“X”（完了）“9”（取消）の場合は非表示、 申請状況フラグが未申請、あるいは“0”（一時保存）“1”（申請中）の場合は、表示する。
C224: 67 | E224: 検索画面に戻る | O224: ボタン | U224: - | X224: - | Z224: - | AB224: 未保存チェック | AG224: － | AQ224: ○ | AS224: 「未保存ダイアログ」を表示する。 共通外部仕様 機能詳細－１．登録更新画面共通 利用者が社員である場合、非表示とする。 利用者が各社厚生である場合、入居申請（人事）検索画面へ遷移する。
C246: 画面名 | H246: 入居申請（人事）検索 | AH246: 画面ＩＤ | AM246: CHA10S02
C248: 項番 | E248: 画面項目名 | O248: 入力形式 | U248: 属性 | X248: 桁数 | AB248: 共通チェックID | AG248: 入出力 | AJ248: 必須 | AL248: 初期値 | AQ248: 英語 対応 | AS248: 編集仕様／処理概要
X249: 最小 | Z249: 最大
C250: 01 | E250: 会社コード | O250: テキストボックス | U250: X | X250: 0 | Z250: 6 | AB250: 会社コード権限チェック | AG250: 入力 | AS250: （ユーザーが）会社コードを入力、または、選択アイコン押下時に選択ダイアログ（会社）を呼び出す。※「共通外部機能仕様 機能詳細－選択ダイアログ（会社）」参照
C252: 02 | E252: 組織コード | O252: テキストボックス | U252: X | X252: 0 | Z252: 8 | AB252: 組織コード権限チェック | AG252: 入力 | AS252: （ユーザーが）組織コードを入力、または、選択アイコン押下時に選択ダイアログ（組織）を呼び出す。※「共通外部機能仕様 機能詳細－選択ダイアログ（組織）」参照 【呼び出しパラメータ】 会社コード：『会社コード』
C256: 03 | E256: 申請状況 | O256: プルダウン | U256: - | X256: - | Z256: - | AG256: 入力 | AS256: （ユーザーが）申請状況名を選択する。
C258: 04 | E258: 氏名コード | O258: テキストボックス | U258: X | X258: 0 | Z258: 7 | AG258: 入力 | AS258: （ユーザーが）氏名コードを入力する。
C260: 05 | E260: 氏名 | O260: テキストボックス | U260: Ｎ | X260: 0 | Z260: 61 | AG260: 入力 | AS260: （ユーザーが）氏名を入力する。
C262: 06 | E262: 氏名カナ | O262: テキストボックス | U262: X | X262: 0 | Z262: 49 | AG262: 入力 | AS262: （ユーザーが）氏名カナを入力する。
C264: 07 | E264: 検索 | O264: ボタン | U264: - | X264: - | Z264: - | AB264: レコード0チェック レコード300チェック | AG264: － | AS264: 共通外部仕様「機能詳細－２．検索画面共通」参照。 『検索結果一覧』を表示する。
C268: 08 | E268: クリア | O268: ボタン | U268: - | X268: - | Z268: - | AG268: － | AS268: 入力項目をクリアする。（業務内共通を参照）
C270: 09 | E270: 検索結果タイトル行 | O270: ハイパーリンク | U270: - | X270: - | Z270: - | AG270: － | AS270: 検索結果タイトル行の背景色を強調表示し、検索結果データ行を昇順または降順に並び替える。（複数条件の並び替えは不可とする） 会社コード、組織コード、申請状況、氏名コードの昇順で並び替える
C273: 10 | E273: 検索結果データ行 | U273: - | X273: - | Z273: - | AG273: － | AS273: ［社員情報］および［入居申込（一時）］より以下の項目を表示する。 ハイパーリンク押下時は『検索結果一覧．氏名コード』に対応する入居申請（人事）画面へ遷移する。
C276: 11 | F276: 会社コード | O276: ハイパーリンク | U276: X | X276: 0 | Z276: 6 | AG276: 出力 | AS276: ［社員情報．本務会社コード］を表示する。
C278: 12 | F278: 会社名 | O278: ハイパーリンク | U278: Ｎ | X278: 0 | Z278: 36 | AG278: 出力 | AS278: ［社員情報．本務会社コード］に対応する［会社マスタ．会社正式名称（厚生）］を表示する。
C280: 13 | F280: 組織コード | O280: ハイパーリンク | U280: X | X280: 0 | Z280: 8 | AG280: 出力 | AS280: ［社員情報．本務組織コード］を表示する。
C282: 14 | F282: 申請状況 | O282: ハイパーリンク | U282: Ｎ | X282: 3 | Z282: 5 | AG282: 出力 | AS282: 『申請状況』を表示する。（「補足説明 ２．申請状況確認」を参照） （“未申請”“一時保存中”“申請中”“審査中”“決裁中”のいずれかを表示）
...

Sheet 機能詳細 
A1: 機能詳細 | P1: 業 務 | T1: 社宅 | AH1: 機 能 | AL1: 入居申請（人事） | AZ1: 作成者 | BC1: 白取 | BJ1: 作成日 | BM1: 42366
P2: 処 理 | T2: 社宅申込 | AH2: 処理種別 | AL2: オンライン | AZ2: 修正者 | BC2: 杉山 | BJ2: 修正日 | BM2: 45125
A4: 入力 | N4: 処理 | BC4: イベントID | BH4: 出力
O6: １．入居申請（人事）画面
O8: （１）初期表示 | BC8: CHA10S0101
P9: 『氏名コード』をキーに［入居申込（一時）］［入居申込家族（一時）］を参照し、申請状況を確認する。
E10: ［入居申込（一時）］ | P10: （「補足説明 ２．申請状況確認」を参照）
E11: ［入居申込家族（一時）］ | P11: 申請状況が未申請の場合、社員の社員区分及び社員資格を確認し、申請可否チェックを行う。
E12: ［社員情報］
E13: ［家族情報］ | P13: ア．［入居申込（一時）］の申請状況確認を行う。
E14: ［社員区分申請チェック］ | P14: （ア）ログインユーザの利用権限が厚生担当の場合、対象社員のセキュリティチェックを行う。（「チェック仕様 項番13」を参照）
E15: ［社員資格申請チェック］
E16: ［会社マスタ］ | P16: （イ）申請状況が未申請の場合（「補足説明 ２．申請状況確認」を参照）
E17: ［組織マスタ］ | Q17: ａ．［社員情報．本務社員区分コード］及び［社員情報．本務社員資格］による申請可否チェックを行う。
E18: ［部課マスタ］ | R18: （「チェック仕様 項番01、02」を参照）
Q20: ｂ．現職情報の初期表示を行う。
Q21: （ａ）『氏名コード』をキーに［社員情報］より所属情報を取得する。
Q22: （ｂ）［社員情報．本務会社コード］をキーに現在有効な［会社マスタ．会社正式名称（厚生）］を取得し『現職会社』に表示する。
Q23: （ｃ）［社員情報．本務会社コード］［社員情報．本務組織コード］をキーに現在有効な［組織マスタ］
R24: （※人事給与区分が“0”（人事給与共用）または“1”（人事））を取得する。
R25: ・［組織マスタ．組織名］を『現職組織』に表示する。
R26: ・［組織マスタ．組織電話番号］を『連絡先電話番号』に表示する。
R27: ・［組織マスタ．組織住所１］［組織マスタ．組織住所２］を連結し、『現職勤務地住所』に表示する。
Q29: （ｄ）［社員情報．本務会社コード］［社員情報．本務組織コード］［社員情報．本務部課コード］をキーに現在有効な
R30: ［部課マスタ．部課名］（※人事給与区分が“0”（人事給与共用）または“1”（人事））を取得し、『現職部課』に表示する。
Q31: （ｅ）出向者([社員情報．社員状態コード]が“02”（02：在職出向者）または“03”（03：在籍出向者）の場合、
Q32: ［社員情報．出向先会社コード］をキーに現在有効な［会社マスタ．会社正式名称（厚生）］を取得し、
Q33: 『現職出向先会社』に表示する。
Q34: （ｆ）［社員情報．勤務先電話番号］を『現職所属電話番号』に表示する。
Q35: （ｇ）ビル名の取得
R36: ｉ．［社員情報．勤務先ビルコード］がNullの場合、［社員情報．勤務先ビル名］を『現職勤務地』に表示する。
R37: ⅱ．［社員情報．勤務先ビルコード］がNull以外の場合
S38: ［社員情報．本務会社コード］［社員情報．勤務先ビルコード］をキーに現在有効な［ビルマスタ．ビル名］を取得し、
S39: 『現職勤務地』に表示する。
P41: （ウ）［入居申込（一時）．申請状況フラグ］が“2”（審査中）“3”（決裁中）“9”（取消）“X”（完了）の場合、
Q42: 画面全体を入力不可とする。（「補足説明 ２．申請状況確認」を参照）
P44: イ．『氏名コード』をキーに［家族情報］を取得し、登録チェックを行う。（「チェック仕様 項番03」を参照）
P45: ウ．取得した［家族情報］を続柄コード、生年月日でソートして表示する。
O47: （２）『申込種別』の選択 | BC47: CHA10S0102
P48: ア．配偶者の有無をチェックを行う。（「チェック仕様 項番11～12」
P49: イ．選択した『申込種別』により、画面項目の表示制御を行う。（「補足説明 ３．画面表示制御（１）申込種別」を参照）
P50: ウ．取得した家族の『生年月日』より年齢を算出し、『年齢』に表示する。（「年齢計算ニ関スル法律」に従う）
O53: （３）『持家・単身赴任有無』の選択 | BC53: CHA10S0109
P54: ア．持家・単身赴任有無の有無をチェックする。
P55: イ.“0”以外を選択した場合、『書類添付（登記簿謄本等）』を必須項目にする。
O57: （４）『入居希望時期』の選択
P58: ア．選択した『入居希望時期』により、画面項目の表示制御を行う。（「補足説明 ３．画面表示制御（２）入居希望時期」を参照） | BC58: CHA10S0103
O61: （５）『居住区分』の選択 | BC61: CHA10S0104
P62: ア．選択した『居住区分』により、画面項目の表示制御を行う。（「補足説明 ３．画面表示制御（２）居住区分」を参照）
O65: （６）『一時保存』ボタンの押下 | BC65: CHA10S0105
P66: ア．バリデーションチェックを行う。（「画面項目仕様」を参照 ※必須入力以外）
P67: （ア）確認ダイアログで『はい』を選択した場合、以下の処理を実行する。 | BL67: ［入居申込（一時）］
Q68: ａ．相関チェックを行う。（「チェック仕様 項番04～05」を参照） | BL68: ［入居申込家族（一時）］
E69: ［入居申込（一時）］ | Q69: ｂ．［入居申込（一時）］［入居申込家族（一時）］を更新（追加または更新）する。
E70: ［入居申込家族（一時）］ | R70: （「テーブル更新仕様 入居申込（一時） 追加・更新（『一時保存』または『申請』ボタン押下時）、
E71: ［社員情報］ | R71: 入居申込家族（一時） 追加・更新（『一時保存』または『申請』ボタン押下時」を参照）
E72: ［家族情報］
Q73: ｃ．画面全体を入力不可とする。
Q74: ｄ．説明エリアに処理完了メッセージを表示する。
O76: （７）『申請』ボタンの押下 | BC76: CHA10S0106
P77: ア．バリデーションチェックを行う。（「画面項目仕様」を参照）
P78: （ア）確認ダイアログで『はい』を選択した場合、以下の処理を実行する。 | BL78: ［入居申込（一時）］
Q79: ａ．相関チェックを行う。（「チェック仕様 項番04～09、11～12、15」を参照） | BL79: ［入居申込家族（一時）］
E80: ［入居申込（一時）］ | Q80: ｂ．［入居申込（一時）］［入居申込家族（一時）］を更新（追加または更新）する。
E81: ［入居申込家族（一時）］ | R81: （「テーブル更新仕様 入居申込（一時） 追加・更新（『一時保存』または『申請』ボタン押下時）、
E82: ［社員情報］ | R82: 入居申込家族（一時） 追加・更新（『一時保存』または『申請』ボタン押下時」を参照）
E83: ［家族情報］
O84: ｃ．一度も申請されていない場合
O85: （ａ）承認ワークフロー機能に、申請内容を通知（申請）する。（「チェック仕様 項番14」を参照）
O87: ｄ．既に申請されている場合
O88: （ａ）承認ワークフロー機能に、申請内容を通知（再申請）する。（「チェック仕様 項番14」を参照）
O90: ｅ．画面全体を入力不可とする。
O91: ｆ．説明エリアに処理完了メッセージを表示する。
O100: （８）『申請取消』ボタンの押下 | BC100: CHA10S0107 | BL100: ［入居申込（一時）］
BL101: ［入居申込家族（一時）］
P102: （ア）確認ダイアログで『はい』を選択した場合、以下の処理を実行する。
Q103: ａ．一度も申請されていない場合
E104: ［入居申込（一時）］ | Q104: （ａ）氏名コードをキーとして［入居申込（一時）］［入居申込家族（一時）］を削除する。
E105: ［入居申込家族（一時）］
Q106: ｂ．既に申請されている場合
Q107: （ａ）［入居申込（一時）］を更新する。（「テーブル更新仕様 入居申込（一時）更新（『申請取消』ボタン押下時）」を参照）
Q108: （ｂ）申請内容のＴｏＤｏ通知（取消済）を行う。
Q110: ｃ．画面全体を入力不可とする。
Q111: ｄ．説明エリアに処理完了メッセージを表示する。
O113: （９）『検索画面に戻る』ボタンの押下
P114: 入居申請（人事）検索画面へ遷移する。 | BC114: CHA10S0108
O117: ２．入居申請（人事）検索画面
O119: （１）初期表示 | BC119: CHA10S0201
P120: ア．ログインユーザーの利用権限が各社厚生である場合、画面項目仕様に基づき画面を表示する。
Q121: （「画面項目仕様 入居申請（人事）検索」を参照）
O123: （２）検索条件値の入力
P124: ア．『会社コード』の選択アイコン押下 | BC124: CHA10S0202
Q125: ログインユーザーのセキュリティ範囲で会社コードを抽出する。
Q126: （「共通外部機能仕様 機能詳細－選択ダイアログ（会社）」参照）
E128: ［会社マスタ］
P131: イ．『組織コード』の選択アイコンの押下 | BC131: CHA10S0203
Q132: ログインユーザーのセキュリティ範囲で組織コードを抽出する。
Q133: （「共通外部機能仕様 機能詳細－選択ダイアログ（組織）」参照）
E135: ［組織マスタ］
O147: （３）『検索』ボタンの押下 | BC147: CHA10S0204
...

Sheet チェック仕様
A1: チェック仕様 | P1: 業 務 | T1: 社宅 | AH1: 機 能 | AL1: 入居申請（人事） | AZ1: 作成者 | BC1: 白取 | BJ1: 作成日 | BM1: 42366
P2: 処 理 | T2: 社宅申込 | AH2: 処理種別 | AL2: オンライン | AZ2: 修正者 | BC2: 杉山 | BJ2: 修正日 | BM2: 45125
B5: １．入居申請（人事）画面
B6: 項番 | D6: チェック項目 | J6: チェック内容 | X6: チェック契機 | AD6: 出力先 | AH6: 重要度 | AL6: メッセージID | AQ6: メッセージテキスト | BH6: 埋込情報 | BR6: 英語 対応
B8: 01 | D8: 社員区分 | J8: 申請状況が未申請で、申請者が社宅入居申込（人事用）の申請を行える社員区分であること （該当社員の社員区分が、［社員区分申請チェック］に存在すること。） | X8: 画面表示時 | AD8: メッセージ出力エリア | AH8: エラー | AL8: CHA10E001 | AQ8: %1は社宅申込(人事異動用)の申請はできません。 | BH8: %1：社員区分名 | BR8: ○
B12: 02 | D12: 社員資格 | J12: 申請状況が未申請で、申請者が社宅入居申込（人事用）の申請を行える社員資格であること （該当社員の社員資格が、［社員資格申請チェック］に存在すること。） | X12: 画面表示時 | AD12: メッセージ出力エリア | AH12: エラー | AL12: CHA10E002 | AQ12: 社宅申込(人事異動用)の申請は認められていません。 | BR12: ○
B16: 03 | D16: 家族情報 | J16: 家族情報が登録されていること。 | X16: 『申込種別』変更時 『申請』ボタン押下時 | AD16: メッセージ出力エリア | AH16: エラー | AL16: CHA10E003 | AQ16: 家族情報が登録されていないため、世帯で使用する住居の選択はできません。 [申込種別]を変更するか、家族情報の登録後、再度申請を行ってください。 | BR16: ○
B21: 04 | D21: 家族情報の更新日時 | J21: ［家族情報］から更新日時が取得できること。 | X21: 『一時保存』ボタン押下時 『申請』ボタン押下時 | AD21: メッセージ出力エリア | AH21: エラー | AL21: CHA10E004 | AQ21: 家族情報が更新されているため社宅申込(人事異動用)の申請はできません。 社宅申込(人事異動用)の申請中に家族情報が変更された可能性があります。 再度、申請内容を入力しなおしてください。 | BR21: ○
B27: 05 | D27: 家族情報の更新日時 | J27: 申請内容の入力中に家族情報が更新されていないこと。 | X27: 『一時保存』ボタン押下時 『申請』ボタン押下時 | AD27: メッセージ出力エリア | AH27: エラー | AL27: CHA10E005 | AQ27: 家族情報が更新されているため社宅申込(人事異動用)の申請はできません。 社宅申込(人事異動用)の申請中に家族情報が変更された可能性があります。 再度、申請内容を入力しなおしてください。 | BR27: ○
B33: 06 | D33: 入居時期その他欄 | J33: 『入居時期その他欄』が表示されている場合、『入居時期その他欄』が入力されていること。 | X33: 『申請』ボタン押下時 | AD33: メッセージ出力エリア | AH33: エラー | AL33: CHA10E006 | AQ33: [入居希望時期その他欄]を入力してください。 | BR33: ○
B37: 07 | D37: 発令年月日 | J37: 『任命年月日』は『発令年月日』以降の日付であること。 | X37: 『申請』ボタン押下時 | AD37: メッセージ出力エリア | AH37: エラー | AL37: CHA10E007 | AQ37: [任命年月日]は[発令年月日]以降の日付を入力してください。 | BR37: ○
B41: 08 | D41: 同居別居 | J41: 同居予定者が選択されている場合、『同居別居』が設定されていること。 | X41: 『申請』ボタン押下時 | AD41: メッセージ出力エリア | AH41: エラー | AL41: CHA10E008 | AQ41: [同居別居]を選択してください。 | BR41: ○
B45: 09 | D45: 同居予定者 | J45: 同居家族が表示されている場合、『同居予定者』がいずれか一人が選択されていること。 | X45: 『申請』ボタン押下時 | AD45: メッセージ出力エリア | AH45: エラー | AL45: CHA10E009 | AQ45: [同居予定者]を選択してください。 | BR45: ○
B48: 10 | D48: カフェポイント | J48: カフェポイントが申請済であること。 | X48: 画面表示時 | AD48: 確認ダイアログ | AH48: メッセージ | AL48: CHA10E010 | AQ48: カフェポイントを申請してください。 | BR48: ○
B54: 項番 | D54: チェック項目 | J54: チェック内容 | X54: チェック契機 | AD54: 出力先 | AH54: 重要度 | AL54: メッセージID | AQ54: メッセージテキスト | BH54: 埋込情報 | BR54: 英語 対応
B56: 11 | D56: 配偶者有無 | J56: 申込種別が“2”（単身）である場合、配偶者が存在すること。 | X56: 『申請』ボタン押下時 『申込種別』の選択 | AD56: メッセージ出力エリア | AH56: エラー | AL56: CHA10E012 | AQ56: パートナーが存在しないため、[申込種別]を選択できません。 | BR56: ○
B59: 12 | J59: 申込種別が“3”（独身）である場合、配偶者が存在しないこと。 | X59: 『申請』ボタン押下時 『申込種別』の選択 | AD59: メッセージ出力エリア | AH59: エラー | AL59: CHA10E013 | AQ59: パートナーが存在するため、[申込種別]を選択できません。 | BR59: ○
B62: 13 | D62: 氏名コード | J62: 以下の検索条件にあてはまること。 ・ログインユーザーのセキュリティ範囲内 （「補足説明 項番４」参照） | X62: 画面表示時 | AD62: メッセージ出力エリア | AH62: エラー | AQ62: （メッセージテキストについては、「共通外部仕様 チェック仕様-２．検索画面共通」参照）
B65: 14 | D65: 承認ルート | J65: 承認ルートが取得できること。 | X65: 『申請』ボタン押下時 | AD65: メッセージ出力エリア | AH65: エラー | AL65: SSW00E027 | AQ65: 承認業務に必要な情報が設定されていないため申請を完了できません。[一時保存]ボタンを押して入力内容を一時保存後、ヘルプデスクにお問い合わせください。 | BR65: ○
B68: 15 | D68: 書類添付（登記簿謄本等） | J68: 『持家・単身赴任有無』が”0“（なし）以外である場合、『書類添付（登記簿謄本等）』にファイルが添付されていること。 | X68: 『申請』ボタン押下時 | AD68: メッセージ出力エリア | AH68: エラー | AL68: CHA10E015 | AQ68: [持家・単身赴任有無]が”あり“で選択されているため、[書類添付]でファイルを指定してください。 | BR68: 〇
AQ74: ※英語対応は「メッセージテキスト」および「埋込情報」箇所の対応を行う
B77: ２．入居申請（人事）検索画面
B78: 項番 | D78: チェック項目 | J78: チェック内容 | X78: チェック契機 | AD78: 出力先 | AH78: 重要度 | AL78: メッセージID | AQ78: メッセージテキスト | BH78: 埋込情報 | BR78: 英語 対応
B80: 01 | D80: 会社コード | J80: 会社コードが［会社マスタ］に存在すること。 | X80: 『検索』ボタン押下時 | AD80: メッセージ出力エリア | AH80: エラー | AL80: CH000E011 | AQ80: %1が存在しません。 | BH80: %1：“[会社コード]”
B83: 02 | D83: 組織コード | J83: 組織コードが［組織マスタ］に存在すること。 （人事給与区分は“0”（人事給与共用）または “1”（人事）） | X83: 『検索』ボタン押下時 | AD83: メッセージ出力エリア | AH83: エラー | AL83: CH000E011 | AQ83: %1が存在しません。 | BH83: %1：“[組織コード]”
B86: 03 | D86: 氏名コード | J86: 氏名コードが［社員情報］に存在すること。 | X86: 『検索』ボタン押下時 | AD86: メッセージ出力エリア | AH86: エラー | AL86: CH000E011 | AQ86: %1が存在しません。 | BH86: %1：“[氏名コード]”
B89: 04 | J89: 氏名コードが全て数字で入力されていること。 | X89: 『検索』ボタン押下時 | AD89: 入力フィールド下部 | AH89: エラー | AQ89: （メッセージテキストについては、「共通外部仕様 チェック仕様-バリデーションチェック」参照）
B92: 05 | J92: チェックデジットが入力されていること。 | X92: 『検索』ボタン押下時 | AD92: 入力フィールド下部 | AH92: エラー | AQ92: （メッセージテキストについては、「共通外部仕様 チェック仕様-バリデーションチェック」参照）
B95: 06 | D95: 検索条件 | J95: 以下の検索条件にあてはまること。 ・ログインユーザーのセキュリティ範囲内 （「補足説明 項番４」参照） ※氏名、氏名カナは、部分一致で検索すること | X95: 『検索』ボタン押下時 | AD95: メッセージ出力エリア | AH95: エラー | AQ95: （メッセージテキストについては、「共通外部仕様 チェック仕様-２．検索画面共通」参照）

Sheet 帳票レイアウト
A1: 帳票レイアウト | P1: 業 務 | T1: =表紙!AC15 -> 社宅 | AH1: 機 能 | AL1: =表紙!AC23 -> 入居申請（人事） | AZ1: 作成者 | BC1: =機能概要!BC1 -> 白取 | BJ1: 作成日 | BM1: =機能概要!BM1 -> 42366
P2: 処 理 | T2: =機能概要!T2 -> 社宅申込 | AH2: 処理種別 | AL2: =機能概要!AL2 -> オンライン | AZ2: 修正者 | BJ2: 修正日
C5: 帳票名 | AH5: 帳票ＩＤ

Sheet 帳票項目仕様
A1: 帳票項目仕様 | P1: 業 務 | T1: =表紙!AC15 -> 社宅 | AH1: 機 能 | AL1: =表紙!AC23 -> 入居申請（人事） | AZ1: 作成者 | BC1: =機能概要!BC1 -> 白取 | BJ1: 作成日 | BM1: =機能概要!BM1 -> 42366
P2: 処 理 | T2: =機能概要!T2 -> 社宅申込 | AH2: 処理種別 | AL2: =機能概要!AL2 -> オンライン | AZ2: 修正者 | BJ2: 修正日
C5: 帳票名 | AH5: 帳票ＩＤ
C7: 一覧／ 単票 | G7: 用紙 サイズ | L7: ファイル名
C11: 出力対象条件 | AO11: ソート順 | BD11: データレコード部最大行数
C15: 改ページ条件 | U15: 出力形式 | AD15: その他
C19: 項番 | F19: 項目名 | W19: 編集 | AC19: フォント | AN19: 文字配置 | AR19: 編集仕様
W20: 属性 | Z20: 桁数 | AC20: 形式 | AK20: サイズ
C21: 01
C23: 02
C25: 03
C27: 04
C29: 05
C31: 06
C33: 07
C35: 08
C37: 09
C39: 10
C41: 11
C43: 12
... C47: 14

Sheet 入力ファイル項目仕様
A1: 入力ファイル項目仕様 | P1: 業 務 | T1: =表紙!AC15 -> 社宅 | AH1: 機 能 | AL1: =表紙!AC23 -> 入居申請（人事） | AZ1: 作成者 | BC1: =機能概要!BC1 -> 白取 | BJ1: 作成日 | BM1: =機能概要!BM1 -> 42366
P2: 処 理 | T2: =機能概要!T2 -> 社宅申込 | AH2: 処理種別 | AL2: =機能概要!AL2 -> オンライン | AZ2: 修正者 | BJ2: 修正日
C5: 日本語ファイル名 | AH5: ファイルＩＤ
C7: ファイル形式 | L7: レコード形式 | Q7: レコード長 | V7: ファイル名
C11: 入力ファイル説明
C15: その他
C20: 項番 | F20: 項目名 | T20: 編集 | Z20: 項目説明
T21: 属性 | W21: 桁数
C22: 01
C24: 02
C26: 03
C28: 04

Sheet 出力ファイル項目仕様
A1: 出力ファイル項目仕様 | P1: 業 務 | T1: =表紙!AC15 -> 社宅 | AH1: 機 能 | AL1: =表紙!AC23 -> 入居申請（人事） | AZ1: 作成者 | BC1: =機能概要!BC1 -> 白取 | BJ1: 作成日 | BM1: =機能概要!BM1 -> 42366
P2: 処 理 | T2: =機能概要!T2 -> 社宅申込 | AH2: 処理種別 | AL2: =機能概要!AL2 -> オンライン | AZ2: 修正者 | BJ2: 修正日
C5: 日本語ファイル名 | AH5: ファイルＩＤ
C7: ファイル形式 | L7: レコード形式 | Q7: レコード長 | V7: ファイル名
C11: 出力対象条件 | AT11: ソート順
C15: その他
C20: 項番 | F20: 項目名 | T20: 編集 | Z20: 項目説明
T21: 属性 | W21: 桁数
C22: 01
C24: 02
C26: 03
C28: 04

Sheet テーブル更新仕様
A1: テーブル更新仕様 | P1: 業 務 | T1: =表紙!AC15 -> 社宅 | AH1: 機 能 | AL1: =表紙!AC23 -> 入居申請（人事） | AZ1: 作成者 | BC1: =機能概要!BC1 -> 白取 | BJ1: 作成日 | BM1: =機能概要!BM1 -> 42366
P2: 処 理 | T2: =機能概要!T2 -> 社宅申込 | AH2: 処理種別 | AL2: =機能概要!AL2 -> オンライン | AZ2: 修正者 | BC2: 杉山 | BJ2: 修正日 | BM2: 45125
B5: テーブル名 ：入居申込（一時）
B6: 処理パターン：追加・更新（『一時保存』または『申請』ボタン押下時）
C8: 項番 | F8: 項目名 | T8: 編集仕様
C10: 01 | F10: 氏名コード | T10: 『氏名コード』を設定する。（キー項目）
C12: 02 | F12: 申請ID | T12: 追加時：『一時保存』の場合、“TEMP000000000002”を設定する。 追加時：『申請』の場合、新規採番（採番方法はフロント業務の関数を利用する。）したIDを設定する。 更新時：『申請』かつ、未採番の場合（申請IDが“TEMP000000000002”の場合）は、新規採番したIDを設定する。 更新時：上記以外の場合、更新しない。（キー項目）
C16: 03 | F16: 申請状況フラグ | T16: 『一時保存』の場合は、“0”（一時保存中）を設定する。 『申請』の場合は、“2”（審査中）を設定する。
C18: 04 | F18: 申請年月日 | T18: 『一時保存』の場合は、NULLを設定する。 『申請』の場合は、業務日付を設定する。
C20: 05 | F20: 審査年月日 | T20: 追加時：NULLを設定する。 更新時：『申請』の場合は、NULLを設定する。 更新時：『一時保存』の場合は、更新しない。
C23: 06 | F23: 審査者氏名コード | T23: 追加時：“”を設定する。 更新時：『申請』の場合は、“”を設定する。 更新時：『一時保存』の場合は、更新しない。
C26: 07 | F26: 決裁年月日 | T26: 追加時：NULLを設定する。 更新時：更新しない。
C28: 08 | F28: 決裁者氏名コード | T28: 追加時：“”を設定する。 更新時：更新しない。
C30: 09 | F30: 代行入力者氏名コード | T30: （利用者が各社厚生である場合）代行入力者の氏名コードを設定する。
C32: 10 | F32: NG有無フラグ | T32: “1”（ＯＫ）を設定する。
C34: 11 | F34: NG理由 | T34: 追加時：“”を設定する。 更新時：更新しない
... C89: 36 | F89: 新所属電話番号 | T89: 『新職所属電話番号』を設定する。
C91: 37 | F91: 新勤務地住所 | T91: 『新職勤務地住所』を設定する。
C93: 38 | F93: 新勤務地（ビル名等） | T93: 『新職勤務地』を設定する。
C95: 39 | F95: 新勤務先最寄駅 | T95: 『新職勤務先最寄駅』を設定する。
C97: 40 | F97: 旧会社名 | T97: 『現職会社』を設定する。
C102: 項番 | F102: 項目名 | T102: 編集仕様
C104: 41 | F104: 旧組織名 | T104: 『現職組織』を設定する。
C106: 42 | F106: 旧部課名 | T106: 『現職部課』を設定する。
C108: 43 | F108: 旧出向会社名 | T108: 『現職出向先会社』を設定する。
C110: 44 | F110: 旧所属電話番号 | T110: 『現職所属電話番号』を設定する。
C112: 45 | F112: 旧勤務地住所 | T112: 『現職勤務地住所』を設定する。
C114: 46 | F114: 旧勤務地（ビル名等） | T114: 『現職勤務地』を設定する。
C116: 47 | F116: 旧勤務先最寄駅 | T116: 『現職勤務先最寄駅』を設定する。
C118: 48 | F118: 連絡先電話番号 | T118: 『連絡先電話番号』を設定する。
C120: 49 | F120: 入居希望時期コード | T120: 『入居希望時期』を設定する。
C122: 50 | F122: 入居希望時期その他 | T122: 『入居希望時期その他欄』を設定する。
C124: 51 | F124: 社宅説明事項 | T124: 『特に考慮すべき事項等』を設定する。
C126: 52 | F126: 返信先メールアドレス（審査者） | T126: “”を設定する。
... C146: 62 | F146: 最終更新日時 | T146: システム日時を設定する。
B149: テーブル名 ：入居申込家族（一時）
B150: 処理パターン：追加・更新（『一時保存』または『申請』ボタン押下時）
C152: 項番 | F152: 項目名 | T152: 編集仕様
C154: 01 | F154: 氏名コード | T154: ［入居申込（一時）．氏名コード］を設定する。（キー項目）
C156: 02 | F156: 申請ID | T156: 追加時：［入居申込（一時）．申請ID］を設定する。（キー項目） 更新時：更新しない。
C158: 03 | F158: 家族コード | T158: 『氏名コード』に対応する［家族情報．家族通番］を設定する。（キー項目）
C160: 04 | F160: 同居予定者フラグ | T160: 『同居予定者』がチェックされている場合、“1”（チェック済）を設定する。 『同居予定者』がチェックされてない場合、“0”（未チェック）を設定する。
C162: 05 | F162: 続柄コード | T162: 『同居予定者．続柄』を設定する。
C164: 06 | F164: 同居者生年月日 | T164: 『同居予定者．生年月日』を設定する。
C166: 07 | F166: 同居者年齢 | T166: 『同居予定者．年齢』を『同居予定者．生年月日』から計算して設定する。
C168: 08 | F168: 扶養区分コード | T168: 『同居予定者．扶養有無』が“1:有”の場合“1”、“0:無”の場合“0”を設定する。
C170: 09 | F170: 扶養開始予定年 | T170: “”を設定する。
C172: 10 | F172: 扶養開始予定月 | T172: “”を設定する。
C174: 11 | F174: 勤務先会社名 | T174: “”を設定する。
... C182: 15 | F182: 同居予定月 | T182: “”を設定する。
C184: 16 | F184: 作成ユーザＩＤ | T184: 追加時：操作者の氏名コードを設定する。 更新時：更新しない。
C186: 17 | F186: 作成日時 | T186: 追加時：システム日時を設定する。 更新時：更新しない。
C188: 18 | F188: 最終更新ユーザＩＤ | T188: 操作者の氏名コードを設定する。
C190: 19 | F190: 最終更新日時 | T190: ［家族情報．最終更新日時］を設定する。
C197: テーブル名 ：入居申込（一時）
C198: 処理パターン：更新（『申請取消』ボタン押下時）
D200: 項番 | G200: 項目名 | U200: 編集仕様
D202: 01 | G202: 氏名コード | U202: 『氏名コード』を設定する。（キー項目）
D204: 02 | G204: 申請ID | U204: ［入居申込（一時）．申請ID］を設定する。（キー項目）
D206: 03 | G206: 申請状況フラグ | U206: “9”（取消）を設定する。
D208: 04 | G208: 代行入力者氏名コード | U208: （利用者が各社厚生である場合）代行入力者の氏名コードを設定する。
D210: 05 | G210: 最終更新ユーザＩＤ | U210: 操作者の氏名コードを設定する。
D212: 06 | G212: 最終更新日時 | U212: システム日時を設定する。

Sheet 補足説明
A1: 補足説明 | P1: 業 務 | T1: =表紙!AC15 -> 社宅 | AH1: 機 能 | AL1: =表紙!AC23 -> 入居申請（人事） | AZ1: 作成者 | BC1: =機能概要!BC1 -> 白取 | BJ1: 作成日 | BM1: =機能概要!BM1 -> 42366
P2: 処 理 | T2: =機能概要!T2 -> 社宅申込 | AH2: 処理種別 | AL2: =機能概要!AL2 -> オンライン | AZ2: 修正者 | BC2: 井上 | BJ2: 修正日 | BM2: 42539
B5: １．データフロー図
B53: ２．申請状況確認
B54: （１）［入居申込（一時）．申請種別コード］が“2”（人事申込）のレコードが以下の条件の場合に『申請状況』および『現在の申請状況』を判断する。
C56: イベント | Q56: ［入居申込（一時）］の設定値
C57: 入居申請 | J57: 承認ワークフロー | Q57: ［申請状況フラグ］ | X57: ［申請年月日］ | AE57: ［審査年月日］ | AL57: ［決裁年月日］ | AS57: ［NG有無フラグ］ | AZ57: 『申請状況』 | BG57: 『現在の申請状況』
C58: 該当レコード無し | Q58: － | X58: － | AE58: － | AL58: － | AS58: － | AZ58: 未申請 | BG58: 非表示
C60: 一時保存 | Q60: “0”（一時保存中） | X60: － | AE60: － | AL60: － | AS60: － | AZ60: 一時保存中 | BG60: 非表示
C62: 申請 | J62: 未審査 | Q62: “2”（審査中） | X62: 申請時のシステム日付 | AE62: － | AL62: － | AS62: － | AZ62: 審査中 | BG62: 審査中
J64: 審査ＯＫ | Q64: “3”（決裁中） | X64: － | AE64: 審査時のシステム日付 | AL64: － | AS64: “1”（ＯＫ） | AZ64: 決裁中 | BG64: 決裁中
J66: 決裁ＯＫ | Q66: “X”（完了） | X66: － | AE66: － | AL66: 決裁時のシステム日付 | AS66: “1”（ＯＫ） | AZ66: 未申請（※１） | BG66: 完了
J69: 取消 | Q69: “9”（取消） | X69: － | AE69: － | AL69: － | AS69: “1”（ＯＫ） | AZ69: 未申請（※１） | BG69: 取消
J71: 審査ＮＧ | Q71: “1”（申請中） | X71: － | AE71: 否決時のシステム日付 | AL71: － | AS71: “9”（ＮＧ） | AZ71: 申請中 | BG71: 非表示
J73: 決裁ＮＧ | Q73: “2”（審査中） | X73: － | AE73: － | AL73: 否決時のシステム日付 | AS73: “9”（ＮＧ） | AZ73: 審査中 | BG73: 審査中
D75: ※１：申請履歴機能から遷移した場合のみ、「氏名コード」「申請ＩＤ」をキーにして、［入居申込（一時）］のデータを表示する。申請履歴機能以外から遷移した場合は、未申請として、新たな入居申込を可能とする。
B101: ３．画面表示制御
B102: （１）申込種別
C103: 申込種別が以下の場合に、同居家族欄の表示・非表示を制御する。
C105: 申込種別コード | J105: 同居家族欄の表示制御
C106: “1”（世帯） | J106: 表示
C107: “2”（単身） | J107: 非表示
C108: “3”（独身） | J108: 非表示
B110: （２）入居希望時期
C111: 入居希望時期が以下の場合に、入居希望時期その他欄の表示・非表示を制御する。
C113: 入居希望時期コード | J113: 入居希望時期その他欄の表示制御
C114: “001”（即入居） | J114: 非表示
C115: “002”（学期の区切り） | J115: 非表示
C116: “003”（その他） | J116: 表示
B118: ４．代行申請時のセキュリティ範囲の特定方法について
C119: 代行申請時におけるログインユーザのセキュリティ範囲の特定方法を以下に記す。
B121: （１）運用グループ処理範囲による会社コード、または会社コード＋組織コードの絞り込み
C122: ア．ログインユーザに紐づく運用グループ処理範囲を取得し、「社宅＿厚生」ロール区分に該当する「会社コード」または「会社コード」＋「組織コード」を取得する。
C123: イ．上記４（１）アで取得した運用グループ処理範囲と、［社員情報．本務会社コード］（または［社員情報．本務会社コード］［社員情報．本務組織コード］）を紐付けて、対象社員を絞り込む。
B125: （２）制度有無による絞り込み
C126: ア．［制度適用会社］テーブルより、［制度適用会社．制度区分］が“03”（社宅）に該当する「会社コード」「社員区分」を取得し、［社員情報．本務会社コード］［社員情報．本務社員区分コード］と紐付けて、対象社員を絞り込む。
B128: （３）厚生系対象社員の絞り込み
C129: ア．［社員情報．情報取込区分］が“1”（人事給与）、“2”（アップデートファイル）、［社員情報．一般スタッフ区分］が“1”（一般）を条件にして、対象社員を絞り込む
